Cell,Z_start,Z_end,X_start,X_end
1,-4.989285714285715,4.832142857142856,-2.4279279279279278,2.45
