Cell,Z_start,Z_end,X_start,X_end
1,-4.989285714285715,-3.928571428571429,-2.4279279279279278,2.45
2,-3.8892857142857142,-0.9821428571428572,0.6180180180180181,2.45
3,-3.8892857142857142,-0.9821428571428572,-2.4279279279279278,-0.7725225225225225
4,-0.9428571428571431,4.832142857142856,-2.4279279279279278,2.45
