Cell,Z_start,Z_end,X_start,X_end
1,-4.989285714285715,-3.6535714285714285,-2.4279279279279278,2.45
2,-3.6142857142857148,-1.4142857142857146,0.5959459459459462,2.45
3,-3.6142857142857148,-1.4142857142857146,-2.4279279279279278,-0.8828828828828827
4,-1.3750000000000004,4.832142857142856,-2.4279279279279278,2.45
