Cell,Z_start,Z_end,X_start,X_end
1,-4.989285714285715,-3.6142857142857148,-2.4279279279279278,2.45
2,-3.575,-1.4928571428571429,0.4635135135135138,2.45
3,-3.575,-1.4928571428571429,-2.4279279279279278,-0.7504504504504501
4,-1.4535714285714287,4.832142857142856,-2.4279279279279278,2.45
