Cell,Z_start,Z_end,X_start,X_end
1,-4.989285714285715,-3.6535714285714285,-2.4279279279279278,2.45
2,-3.6142857142857148,-1.1,0.4414414414414418,2.405855855855856
3,-3.6142857142857148,-1.1,-2.4720720720720717,-0.7945945945945945
4,-1.060714285714286,4.832142857142856,-2.4279279279279278,2.45
