Cell,Z_start,Z_end,X_start,X_end
1,-9.97857142857143,-3.7714285714285722,-4.8558558558558556,4.9
2,-3.692857142857143,-1.0214285714285722,0.22072072072072135,4.811711711711712
3,-3.692857142857143,-1.0214285714285722,-4.944144144144143,-2.03063063063063
4,-0.9428571428571431,9.664285714285713,-4.8558558558558556,4.9
