Cell,Z_start,Z_end,X_start,X_end
1,-9.5,-4.9940711462450595,-4.459641255605381,4.459641255605382
2,-4.9189723320158105,4.318181818181818,-4.459641255605381,-2.0381165919282513
3,-4.9189723320158105,4.318181818181818,2.643497757847533,4.459641255605382
4,4.3932806324110665,9.274703557312254,-4.459641255605381,4.459641255605382
