Cell,Z_start,Z_end,X_start,X_end
1,-10.079365079365079,-7.222222222222222,-4.954954954954955,5.0
2,-7.142857142857143,-2.8571428571428577,-0.2702702702702702,4.90990990990991
3,-7.142857142857143,-2.8571428571428577,-5.045045045045045,-3.018018018018017
4,-2.7777777777777786,9.76190476190476,-4.954954954954955,5.0
