Cell,Z_start,Z_end,X_start,X_end
1,-4.989285714285715,-3.535714285714286,-2.4279279279279278,2.45
2,-3.496428571428572,-1.4142857142857146,0.5297297297297299,2.405855855855856
3,-3.496428571428572,-1.4142857142857146,-2.4720720720720717,-0.9049549549549547
4,-1.3750000000000004,0.746428571428571,-2.4279279279279278,2.45
5,0.7857142857142856,2.671428571428571,0.5959459459459462,2.405855855855856
6,0.7857142857142856,2.671428571428571,-2.4720720720720717,-0.9049549549549547
7,2.7107142857142854,4.832142857142856,-2.4279279279279278,2.45
