Cell,Z_start,Z_end,X_start,X_end
1,-9.5,-2.3656126482213438,-4.459641255605381,4.459641255605382
2,-2.2905138339920956,1.3893280632411056,-4.459641255605381,-1.876681614349776
3,-2.2905138339920956,1.3893280632411056,1.0695067264573987,4.459641255605382
4,1.4644268774703555,9.274703557312254,-4.459641255605381,4.459641255605382
