Cell,Z_start,Z_end,X_start,X_end
1,-9.5,-4.318181818181818,-4.459641255605381,4.459641255605382
2,-4.243083003952569,4.017786561264822,-4.459641255605381,-2.2399103139013454
3,-4.243083003952569,4.017786561264822,2.441704035874439,4.459641255605382
4,4.09288537549407,9.274703557312254,-4.459641255605381,4.459641255605382
