Cell,Z_start,Z_end,X_start,X_end
1,-5.0396825396825395,-3.5714285714285716,-2.4774774774774775,2.5
2,-3.5317460317460316,-1.2301587301587302,-0.2702702702702702,2.454954954954955
3,-3.5317460317460316,-1.2301587301587302,-2.5225225225225225,-1.5990990990990985
4,-1.1904761904761907,4.88095238095238,-2.4774774774774775,2.5
