Cell,Z_start,Z_end,X_start,X_end
1,-9.5,-3.567193675889328,-4.459641255605381,4.459641255605382
2,-3.492094861660079,2.816205533596838,-4.459641255605381,-1.5538116591928253
3,-3.492094861660079,2.816205533596838,1.8363228699551568,4.459641255605382
4,2.891304347826086,9.274703557312254,-4.459641255605381,4.459641255605382
