Cell,Z_start,Z_end,X_start,X_end
1,-4.989285714285715,-3.575,-2.4279279279279278,2.45
2,-3.535714285714286,-1.4142857142857146,-0.1324324324324322,2.405855855855856
3,-3.535714285714286,-1.4142857142857146,-2.4720720720720717,-1.4788288288288287
4,-1.3750000000000004,4.832142857142856,-2.4279279279279278,2.45
