Cell,Z_start,Z_end,X_start,X_end
1,-4.989285714285715,-2.9071428571428575,0.48558558558558573,2.45
2,-4.989285714285715,-2.9071428571428575,-2.4279279279279278,-0.6621621621621618
3,-2.867857142857143,4.832142857142856,-2.4279279279279278,2.45
