Cell,Z_start,Z_end,X_start,X_end
1,-5.0396825396825395,-3.611111111111111,-2.4774774774774775,2.5
2,-3.5714285714285716,-1.4285714285714288,-0.1351351351351351,2.454954954954955
3,-3.5714285714285716,-1.4285714285714288,-2.5225225225225225,-1.5090090090090085
4,-1.3888888888888893,4.88095238095238,-2.4774774774774775,2.5
