Cell,Z_start,Z_end,X_start,X_end
1,-9.5,-1.5395256916996054,-4.459641255605381,4.459641255605382
2,-1.4644268774703555,3.717391304347826,-4.459641255605381,-1.4327354260089686
3,-1.4644268774703555,3.717391304347826,1.311659192825112,4.459641255605382
4,3.7924901185770743,9.274703557312254,-4.459641255605381,4.459641255605382
