Cell,Z_start,Z_end,X_start,X_end
1,-9.97857142857143,-3.8500000000000005,-4.8558558558558556,4.9
2,-3.7714285714285722,-0.8642857142857157,-0.13243243243243175,4.811711711711712
3,-3.7714285714285722,-0.8642857142857157,-4.944144144144143,-1.8099099099099094
4,-0.7857142857142865,9.664285714285713,-4.8558558558558556,4.9
