Cell,Z_start,Z_end,X_start,X_end
1,-9.5,-8.598814229249012,-4.459641255605381,4.459641255605382
2,-8.523715415019764,-3.041501976284585,-4.459641255605381,-1.311659192825112
3,-8.523715415019764,-3.041501976284585,1.2713004484304928,4.459641255605382
4,-2.966403162055336,9.274703557312254,-4.459641255605381,4.459641255605382
