Cell,Z_start,Z_end,X_start,X_end
1,-9.97857142857143,9.664285714285713,-4.8558558558558556,4.9
