Cell,Z_start,Z_end,X_start,X_end
1,-5.0396825396825395,4.88095238095238,-2.4774774774774775,2.5
