Cell,Z_start,Z_end,X_start,X_end
1,-9.5,-4.092885375494071,-4.459641255605381,4.459641255605382
2,-4.017786561264822,-0.11264822134387309,-4.459641255605381,-0.3026905829596416
3,-4.017786561264822,-0.11264822134387309,2.239910313901345,4.459641255605382
4,-0.037549407114624955,9.274703557312254,-4.459641255605381,4.459641255605382
