Cell,Z_start,Z_end,X_start,X_end
1,-9.575396825396826,-4.146825396825397,-4.45945945945946,4.5
2,-4.071428571428572,-0.15079365079365203,0.5675675675675675,4.418918918918919
3,-4.071428571428572,-0.15079365079365203,-4.54054054054054,-2.5540540540540544
4,-0.07539682539682602,9.273809523809522,-4.45945945945946,4.5
