Cell,Z_start,Z_end,X_start,X_end
1,-9.513503909026298,-3.693319118692253,-4.5,4.487755102040817
2,-3.679815209665956,-0.14179104477612015,-4.5,-0.7775510204081635
3,-3.679815209665956,-0.14179104477612015,1.6346938775510198,3.4891156462585027
4,-0.1282871357498223,9.45948827292111,-4.5,4.487755102040817
